window_pos,ref_feature,normalized_RF
0_100,ALLSKY_SFC_SW_DWN,50.0
0_100,T2M,100.0
0_100,QV2M,100.0
0_100,PRECTOTCORR,50.0
0_100,WS10M,100.0
600_700,ALLSKY_SFC_SW_DWN,100.0
600_700,T2M,100.0
600_700,QV2M,100.0
600_700,PRECTOTCORR,100.0
600_700,WS10M,100.0
800_900,ALLSKY_SFC_SW_DWN,100.0
800_900,T2M,100.0
800_900,QV2M,100.0
800_900,PRECTOTCORR,100.0
800_900,WS10M,100.0
1600_1700,ALLSKY_SFC_SW_DWN,100.0
1600_1700,T2M,100.0
1600_1700,QV2M,100.0
1600_1700,PRECTOTCORR,100.0
1600_1700,WS10M,100.0
3200_3300,ALLSKY_SFC_SW_DWN,100.0
3200_3300,T2M,100.0
3200_3300,QV2M,100.0
3200_3300,PRECTOTCORR,100.0
3200_3300,WS10M,100.0
4000_4100,ALLSKY_SFC_SW_DWN,100.0
4000_4100,T2M,100.0
4000_4100,QV2M,100.0
4000_4100,PRECTOTCORR,100.0
4000_4100,WS10M,100.0
5000_5100,ALLSKY_SFC_SW_DWN,100.0
5000_5100,T2M,100.0
5000_5100,QV2M,100.0
5000_5100,PRECTOTCORR,100.0
5000_5100,WS10M,100.0
6600_6700,ALLSKY_SFC_SW_DWN,100.0
6600_6700,T2M,100.0
6600_6700,QV2M,100.0
6600_6700,PRECTOTCORR,100.0
6600_6700,WS10M,100.0
9200_9300,ALLSKY_SFC_SW_DWN,100.0
9200_9300,T2M,50.0
9200_9300,QV2M,50.0
9200_9300,PRECTOTCORR,100.0
9200_9300,WS10M,100.0
9800_9900,ALLSKY_SFC_SW_DWN,100.0
9800_9900,T2M,50.0
9800_9900,QV2M,50.0
9800_9900,PRECTOTCORR,100.0
9800_9900,WS10M,100.0
10000_10100,ALLSKY_SFC_SW_DWN,100.0
10000_10100,T2M,100.0
10000_10100,QV2M,100.0
10000_10100,PRECTOTCORR,100.0
10000_10100,WS10M,100.0
11200_11300,ALLSKY_SFC_SW_DWN,100.0
11200_11300,T2M,100.0
11200_11300,QV2M,100.0
11200_11300,PRECTOTCORR,100.0
11200_11300,WS10M,100.0
11800_11900,ALLSKY_SFC_SW_DWN,100.0
11800_11900,T2M,100.0
11800_11900,QV2M,100.0
11800_11900,PRECTOTCORR,100.0
11800_11900,WS10M,100.0
12000_12100,ALLSKY_SFC_SW_DWN,100.0
12000_12100,T2M,100.0
12000_12100,QV2M,100.0
12000_12100,PRECTOTCORR,100.0
12000_12100,WS10M,50.0
14600_14700,ALLSKY_SFC_SW_DWN,100.0
14600_14700,T2M,100.0
14600_14700,QV2M,100.0
14600_14700,PRECTOTCORR,100.0
14600_14700,WS10M,100.0
15200_15300,ALLSKY_SFC_SW_DWN,100.0
15200_15300,T2M,100.0
15200_15300,QV2M,100.0
15200_15300,PRECTOTCORR,100.0
15200_15300,WS10M,100.0
17600_17700,ALLSKY_SFC_SW_DWN,100.0
17600_17700,T2M,100.0
17600_17700,QV2M,100.0
17600_17700,PRECTOTCORR,100.0
17600_17700,WS10M,100.0
18600_18700,ALLSKY_SFC_SW_DWN,100.0
18600_18700,T2M,100.0
18600_18700,QV2M,100.0
18600_18700,PRECTOTCORR,100.0
18600_18700,WS10M,100.0
20400_20500,ALLSKY_SFC_SW_DWN,100.0
20400_20500,T2M,100.0
20400_20500,QV2M,100.0
20400_20500,PRECTOTCORR,100.0
20400_20500,WS10M,100.0
21600_21700,ALLSKY_SFC_SW_DWN,50.0
21600_21700,T2M,100.0
21600_21700,QV2M,100.0
21600_21700,PRECTOTCORR,100.0
21600_21700,WS10M,100.0
22200_22300,ALLSKY_SFC_SW_DWN,100.0
22200_22300,T2M,50.0
22200_22300,QV2M,50.0
22200_22300,PRECTOTCORR,100.0
22200_22300,WS10M,100.0
22400_22500,ALLSKY_SFC_SW_DWN,100.0
22400_22500,T2M,100.0
22400_22500,QV2M,100.0
22400_22500,PRECTOTCORR,100.0
22400_22500,WS10M,100.0
23000_23100,ALLSKY_SFC_SW_DWN,100.0
23000_23100,T2M,100.0
23000_23100,QV2M,100.0
23000_23100,PRECTOTCORR,100.0
23000_23100,WS10M,100.0
23200_23300,ALLSKY_SFC_SW_DWN,100.0
23200_23300,T2M,100.0
23200_23300,QV2M,100.0
23200_23300,PRECTOTCORR,100.0
23200_23300,WS10M,100.0
23600_23700,ALLSKY_SFC_SW_DWN,100.0
23600_23700,T2M,100.0
23600_23700,QV2M,100.0
23600_23700,PRECTOTCORR,100.0
23600_23700,WS10M,100.0
23800_23900,ALLSKY_SFC_SW_DWN,100.0
23800_23900,T2M,100.0
23800_23900,QV2M,100.0
23800_23900,PRECTOTCORR,100.0
23800_23900,WS10M,100.0
24800_24900,ALLSKY_SFC_SW_DWN,100.0
24800_24900,T2M,100.0
24800_24900,QV2M,100.0
24800_24900,PRECTOTCORR,100.0
24800_24900,WS10M,100.0
25000_25100,ALLSKY_SFC_SW_DWN,100.0
25000_25100,T2M,100.0
25000_25100,QV2M,100.0
25000_25100,PRECTOTCORR,100.0
25000_25100,WS10M,100.0
25600_25700,ALLSKY_SFC_SW_DWN,100.0
25600_25700,T2M,100.0
25600_25700,QV2M,100.0
25600_25700,PRECTOTCORR,100.0
25600_25700,WS10M,100.0
26000_26100,ALLSKY_SFC_SW_DWN,100.0
26000_26100,T2M,50.0
26000_26100,QV2M,50.0
26000_26100,PRECTOTCORR,100.0
26000_26100,WS10M,100.0
26600_26700,ALLSKY_SFC_SW_DWN,100.0
26600_26700,T2M,50.0
26600_26700,QV2M,50.0
26600_26700,PRECTOTCORR,100.0
26600_26700,WS10M,100.0
27600_27700,ALLSKY_SFC_SW_DWN,100.0
27600_27700,T2M,100.0
27600_27700,QV2M,100.0
27600_27700,PRECTOTCORR,100.0
27600_27700,WS10M,100.0
27800_27900,ALLSKY_SFC_SW_DWN,100.0
27800_27900,T2M,100.0
27800_27900,QV2M,100.0
27800_27900,PRECTOTCORR,100.0
27800_27900,WS10M,100.0
28000_28100,ALLSKY_SFC_SW_DWN,100.0
28000_28100,T2M,100.0
28000_28100,QV2M,100.0
28000_28100,PRECTOTCORR,100.0
28000_28100,WS10M,100.0
28200_28300,ALLSKY_SFC_SW_DWN,50.0
28200_28300,T2M,100.0
28200_28300,QV2M,100.0
28200_28300,PRECTOTCORR,100.0
28200_28300,WS10M,100.0
29400_29500,ALLSKY_SFC_SW_DWN,100.0
29400_29500,T2M,100.0
29400_29500,QV2M,100.0
29400_29500,PRECTOTCORR,100.0
29400_29500,WS10M,100.0
29800_29900,ALLSKY_SFC_SW_DWN,100.0
29800_29900,T2M,100.0
29800_29900,QV2M,100.0
29800_29900,PRECTOTCORR,100.0
29800_29900,WS10M,100.0
